Workbook

Sheet _변환기록
A1: 항목 | B1: 내용
A2: 템플릿 | B2: template.xlsx
A3: 대상면적(㎡) | B3: 10000
A4: 보정계수 직접입력
A5: 보정계수 산식 | B5: =ROUND((D2/1)^(0.6),3)
A6: 비율 | B6: 1
A7: 변환일시 | B7: 2026-05-12 17:10:33
A9: PDF | B9: C:\Users\saman\Desktop\Ai 실습\_새 폴더\실시계획인가.pdf
A10: 추출 표 수 | B10: 1
A11: 반영 업무 행 수 | B11: 5

Sheet 실시계획인가_작업량
A1: <실시계획인가 직접인력 소요작업량 산정>
B2: 10000 | C2: ( | D2: =IF(B2<1000,0.1,ROUND(B2/10000,2)) | E2: 만M2) | F2: 적용
B3: * 대상면적에 대한 작업량 계수 a=(A/1)^(0.6) | F3: a = | G3: =ROUND((ROUND((D2/1)^(0.6),3))*H3,3) | H3: 1
A4: 구분 | C4: 보 정 전 | I4: 보 정 후 | O4: 비 고
C5: 기술사 | D5: 특급 | E5: 고급 | F5: 중급 | G5: 초급 | H5: 보조원 | I5: 기술사 | J5: 특급 | K5: 고급 | L5: 중급 | M5: 초급 | N5: 보조원 | O5: 보정계수
B6: ='실시계획인가_PDF'!A6
B7: ='실시계획인가_PDF'!A7
B8: ='실시계획인가_PDF'!A8
B9: 1) 실시계획 승인도서 작성 | C9: 0.7 | D9: 0.6 | E9: 1.3 | F9: 1.3 | G9: 3.5 | I9: =ROUND(C9*O9,2) | J9: =ROUND(D9*O9,2) | K9: =ROUND(E9*O9,2) | L9: =ROUND(F9*O9,2) | M9: =ROUND(G9*O9,2) | O9: =$G$3
B10: 2) 보고서 작성 및 편집 | C10: 0.4 | D10: 0.9 | E10: 1.8 | F10: 1.6 | G10: 2.8 | I10: =ROUND(C10*O10,2) | J10: =ROUND(D10*O10,2) | K10: =ROUND(E10*O10,2) | L10: =ROUND(F10*O10,2) | M10: =ROUND(G10*O10,2) | O10: =$G$3
B11: 3) 관련도서 작성 | C11: 0.6 | D11: 0.8 | E11: 1.4 | F11: 1.6 | G11: 4.2 | I11: =ROUND(C11*O11,2) | J11: =ROUND(D11*O11,2) | K11: =ROUND(E11*O11,2) | L11: =ROUND(F11*O11,2) | M11: =ROUND(G11*O11,2) | O11: =$G$3
B12: 4) 주민공람 | C12: 2.4 | D12: 2.5 | E12: 2.6 | F12: 4.7 | G12: 5.1 | I12: =ROUND(C12*O12,2) | J12: =ROUND(D12*O12,2) | K12: =ROUND(E12*O12,2) | L12: =ROUND(F12*O12,2) | M12: =ROUND(G12*O12,2) | O12: 1
B13: 5) 관계기관 협의 | C13: 2.4 | D13: 2.5 | E13: 2.6 | F13: 4.7 | G13: 5.1 | I13: =ROUND(C13*O13,2) | J13: =ROUND(D13*O13,2) | K13: =ROUND(E13*O13,2) | L13: =ROUND(F13*O13,2) | M13: =ROUND(G13*O13,2) | O13: 1
B14: 소 계 | C14: =SUM(C9:C13) | D14: =SUM(D9:D13) | E14: =SUM(E9:E13) | F14: =SUM(F9:F13) | G14: =SUM(G9:G13) | I14: =SUM(I9:I13) | J14: =SUM(J9:J13) | K14: =SUM(K9:K13) | L14: =SUM(L9:L13) | M14: =SUM(M9:M13)
B15: ='실시계획인가_PDF'!A20
B16: ='실시계획인가_PDF'!A21
B17: ='실시계획인가_PDF'!A22
B18: ='실시계획인가_PDF'!A23
B19: ='실시계획인가_PDF'!A24
B20: ='실시계획인가_PDF'!A25
B21: ='실시계획인가_PDF'!A26
B22: ='실시계획인가_PDF'!A27
B23: ='실시계획인가_PDF'!A28

Sheet 실시계획인가_금액
A1: 1. 실시계획인가
A2: 종 별 | B2: 규 격 | C2: 수 량 | D2: 단위 | E2: 총 계 | G2: 재 료 비 | I2: 노 무 비 | K2: 경 비 | M2: 비 고
E3: 단 가 | F3: 금 액 | G3: 단 가 | H3: 금 액 | I3: 단 가 | J3: 금 액 | K3: 단 가 | L3: 금 액
A4: 가. 직접인건비
A5: 1)실시계획인가도서작성 | C5: 1 | D5: 식 | J5: =J23
A6: 소 계 | J6: =SUM(J5:J5)
A8: 나. 제 경 비 | E8: (직접인건비)x | G8: =P8 | J8: =ROUNDDOWN(J6*G8,0) | P8: 1.1
A9: 다. 기 술 료 | E9: (직접인건비+제경비)x | G9: =P9 | J9: =INT((J6+J8)*G9) | P9: 0.2
A10: 소 계 | J10: =SUM(J8:J9)
A12: 합 계 | J12: =ROUNDDOWN(J6+J10,0)
A13: 적 용 | J13: =ROUNDDOWN(J12,-5) | O13: ■ 엔지니어링 노임단가(2026년_건설)
O14: 구 분 | P14: 노 무 비 | Q14: 비 고
O15: 기술사 | P15: 467217
A16: 제 1 호표 실시계획인가(변경) 도서 작성 | O16: 특급기술자 | P16: 373353
A17: 기 술 사 | C17: ='실시계획인가_작업량'!I14 | D17: 인 | I17: =P15 | J17: =ROUNDDOWN(I17*C17,0) | O17: 고급기술자 | P17: 310884
A18: 특급기술자 | C18: ='실시계획인가_작업량'!J14 | D18: 인 | I18: =P16 | J18: =ROUNDDOWN(I18*C18,0) | O18: 중급기술자 | P18: 295138
A19: 고급기술자 | C19: ='실시계획인가_작업량'!K14 | D19: 인 | I19: =P17 | J19: =ROUNDDOWN(I19*C19,0) | O19: 초급기술자 | P19: 235459
A20: 중급기술자 | C20: ='실시계획인가_작업량'!L14 | D20: 인 | I20: =P18 | J20: =ROUNDDOWN(I20*C20,0) | O20: 고급숙련기술자 | P20: 281075
A21: 초급기술자 | C21: ='실시계획인가_작업량'!M14 | D21: 인 | I21: =P19 | J21: =ROUNDDOWN(I21*C21,0) | O21: 중급숙련기술자 | P21: 250087
O22: 초급숙련기술자 | P22: 218142
A23: 계 | J23: =SUM(J17:J22)

Sheet 실시계획인가_PDF
A1: 출처 PDF | B1: C:\Users\saman\Desktop\Ai 실습\_새 폴더\실시계획인가.pdf
A2: 쪽수 | B2: 1
A3: 추출일시 | B3: 2026-05-12 17:10:33
A5: 상단 머릿글
A6: 국토계획 제12장 사업관리
A7: 라. 투입인원수 산정기준
A8: (1) 도시ㆍ군계획시설사업 실시계획인가
A10: 표 1
A11: 기본업무 | B11: 단 위 | C11: 기준인원수(인ㆍ일/단위) | H11: 환산 계수
C12: 기술사 | D12: 특 급 기술자 | E12: 고 급 기술자 | F12: 중 급 기술자 | G12: 초 급 기술자
A13: 1. 실시계획 승인도서 작성 | B13: 1만㎡ | C13: 0.7 | D13: 0.6 | E13: 1.3 | F13: 1.3 | G13: 3.5 | H13: ①
A14: 2. 보고서 작성 및 편집 | B14: 1만㎡ | C14: 0.4 | D14: 0.9 | E14: 1.8 | F14: 1.6 | G14: 2.8 | H14: ①
A15: 3. 관련도서 작성 | B15: 1만㎡ | C15: 0.6 | D15: 0.8 | E15: 1.4 | F15: 1.6 | G15: 4.2 | H15: ①
A16: 4. 주민공람 | B16: 식 | C16: 2.4 | D16: 2.5 | E16: 2.6 | F16: 4.7 | G16: 5.1 | H16: ②
A17: 5. 관계기관 협의 | B17: 식 | C17: 2.4 | D17: 2.5 | E17: 2.6 | F17: 4.7 | G17: 5.1 | H17: ②
A19: 주기
A20: 주 1) 토지적성평가, 사업인정의제협의, 농지ㆍ산지전용협의, 국공유지무상귀속 등은 별도 산정한다.
A21: 2) 지하안전영향평가 등 각종 영향성검토 및 각종 영향평가업무는 별도 산정한다.
A22: 3) 기본설계 및 실시설계, 측량, 토질조사 등 설계 및 조사, 시험은 별도 산정한다.
A23: 3) 실시계획인가는 도시ㆍ군관리계획 결정 이후 도시ㆍ군계획시설사업 시행 시 적용한다.
A24: 4) 실시계획인가 업무내용 중 보고서 작성 및 편집은 필요시 적용한다.
A25: 5) 해당 시설의 종류에 따라 면적(面的)시설 또는 선적(線的)시설로 구분하고, 구분에 따라 규모를 산정하며 기준면적(거리)은
A26: 1만㎡(1.0km)를 원칙으로 한다.
A27: 6) 기술협의 단위‘식’이란 인허가 신청 후 승인 고시까지의 업무이며, 고시 이후에는 별도 산정한다.
A28: 7) 위원회 자문ㆍ심의지원 중 공동심의, 통합심의일 경우 50%를 가산한다.
