Workbook

Sheet _변환기록
A1: 항목 | B1: 내용
A2: 템플릿 | B2: C:\Users\saman\Documents\Codex\2026-05-12\pdf\template.xlsx
A3: 대상면적(㎡) | B3: 1445
A4: 보정계수 직접입력 | B4: 0.316
A5: 비율 | B5: 1.2
A6: 변환일시 | B6: 2026-05-12 10:46:53
A8: PDF | B8: C:\Users\saman\Desktop\Ai 실습\_새 폴더\실시계획인가.pdf
A9: 추출 표 수 | B9: 1
A10: 반영 업무 행 수 | B10: 5

Sheet 실시계획인가_작업량
A1: <실시계획인가 직접인력 소요작업량 산정>
B2: 1445 | C2: ( | D2: =IF(B2<1000,0.1,ROUND(B2/10000,2)) | E2: 만M2) | F2: 적용 | G2: (기준면적(거리)는 1만㎡(1.0km)를 원칙으로 한다) | Q2: 면적적용은 1,2단계 합산면적산정
B3: * 대상면적에 대한 작업량 계수 a=(A/1)^(0.6) | F3: a = | G3: =ROUND(0.316*H3,3) | H3: 1.2
A4: 구분 | C4: 보 정 전 | I4: 보 정 후 | O4: 비 고
C5: 기술사 | D5: 특급 | E5: 고급 | F5: 중급 | G5: 초급 | H5: 보조원 | I5: 기술사 | J5: 특급 | K5: 고급 | L5: 중급 | M5: 초급 | N5: 보조원 | O5: 보정계수
A6: 1. 실시계획인가(변경) 도서 작성
B7: 1) 실시계획 승인도서 작성 | C7: 0.7 | D7: 0.6 | E7: 1.3 | F7: 1.3 | G7: 3.5 | I7: =ROUND(C7*O7,2) | J7: =ROUND(D7*O7,2) | K7: =ROUND(E7*O7,2) | L7: =ROUND(F7*O7,2) | M7: =ROUND(G7*O7,2) | O7: =$G$3
B8: 2) 보고서 작성 및 편집 | C8: 0.4 | D8: 0.9 | E8: 1.8 | F8: 1.6 | G8: 2.8 | I8: =ROUND(C8*O8,2) | J8: =ROUND(D8*O8,2) | K8: =ROUND(E8*O8,2) | L8: =ROUND(F8*O8,2) | M8: =ROUND(G8*O8,2) | O8: =$G$3
B9: 3) 관련도서 작성 | C9: 0.6 | D9: 0.8 | E9: 1.4 | F9: 1.6 | G9: 4.2 | I9: =ROUND(C9*O9,2) | J9: =ROUND(D9*O9,2) | K9: =ROUND(E9*O9,2) | L9: =ROUND(F9*O9,2) | M9: =ROUND(G9*O9,2) | O9: =$G$3
B10: 4) 주민공람 | C10: 2.4 | D10: 2.5 | E10: 2.6 | F10: 4.7 | G10: 5.1 | I10: =ROUND(C10*O10,2) | J10: =ROUND(D10*O10,2) | K10: =ROUND(E10*O10,2) | L10: =ROUND(F10*O10,2) | M10: =ROUND(G10*O10,2) | O10: 1
B11: 5) 관계기관 협의 | C11: 2.4 | D11: 2.5 | E11: 2.6 | F11: 4.7 | G11: 5.1 | I11: =ROUND(C11*O11,2) | J11: =ROUND(D11*O11,2) | K11: =ROUND(E11*O11,2) | L11: =ROUND(F11*O11,2) | M11: =ROUND(G11*O11,2) | O11: 1
B12: 소 계 | C12: =SUM(C7:C11) | D12: =SUM(D7:D11) | E12: =SUM(E7:E11) | F12: =SUM(F7:F11) | G12: =SUM(G7:G11) | I12: =SUM(I7:I11) | J12: =SUM(J7:J11) | K12: =SUM(K7:K11) | L12: =SUM(L7:L11) | M12: =SUM(M7:M11)
B13: *참조 : 국토계획 표준품셈(2026), 제12장 12-6 실시계획인가
B14: *기술협의 단위‘식’이란 인허가 신청 후 승인 고시까지의 업무이며, 고시 이후에는 별도 산정한다.

Sheet 실시계획인가_금액
A1: 1. 실시계획인가
A2: 종 별 | B2: 규 격 | C2: 수 량 | D2: 단위 | E2: 총 계 | G2: 재 료 비 | I2: 노 무 비 | K2: 경 비 | M2: 비 고
E3: 단 가 | F3: 금 액 | G3: 단 가 | H3: 금 액 | I3: 단 가 | J3: 금 액 | K3: 단 가 | L3: 금 액
A4: 가. 직접인건비
A5: 1)실시계획인가도서작성 | C5: 1 | D5: 식 | J5: =J23
A6: 소 계 | J6: =SUM(J5:J5)
A8: 나. 제 경 비 | E8: (직접인건비)x | G8: =P8 | J8: =ROUNDDOWN(J6*G8,0) | P8: 1.1
A9: 다. 기 술 료 | E9: (직접인건비+제경비)x | G9: =P9 | J9: =INT((J6+J8)*G9) | P9: 0.2
A10: 소 계 | J10: =SUM(J8:J9)
A12: 합 계 | J12: =ROUNDDOWN(J6+J10,0)
A13: 적 용 | J13: =ROUNDDOWN(J12,-5) | O13: ■ 엔지니어링 노임단가(2026년_건설)
O14: 구 분 | P14: 노 무 비 | Q14: 비 고
O15: 기술사 | P15: 467217
A16: 제 1 호표 실시계획인가(변경) 도서 작성 | O16: 특급기술자 | P16: 373353
A17: 기 술 사 | C17: ='실시계획인가_작업량'!I12 | D17: 인 | I17: =P15 | J17: =ROUNDDOWN(I17*C17,0) | O17: 고급기술자 | P17: 310884
A18: 특급기술자 | C18: ='실시계획인가_작업량'!J12 | D18: 인 | I18: =P16 | J18: =ROUNDDOWN(I18*C18,0) | O18: 중급기술자 | P18: 295138
A19: 고급기술자 | C19: ='실시계획인가_작업량'!K12 | D19: 인 | I19: =P17 | J19: =ROUNDDOWN(I19*C19,0) | O19: 초급기술자 | P19: 235459
A20: 중급기술자 | C20: ='실시계획인가_작업량'!L12 | D20: 인 | I20: =P18 | J20: =ROUNDDOWN(I20*C20,0) | O20: 고급숙련기술자 | P20: 281075
A21: 초급기술자 | C21: ='실시계획인가_작업량'!M12 | D21: 인 | I21: =P19 | J21: =ROUNDDOWN(I21*C21,0) | O21: 중급숙련기술자 | P21: 250087
O22: 초급숙련기술자 | P22: 218142
A23: 계 | J23: =SUM(J17:J22)

Sheet 실시계획인가_PDF
A1: 출처 PDF | B1: C:\Users\saman\Desktop\Ai 실습\_새 폴더\실시계획인가.pdf
A2: 쪽수 | B2: 1
A3: 추출일시 | B3: 2026-05-12 10:46:53
A5: 표 1
A6: 기본업무 | B6: 단 위 | C6: 기준인원수(인ㆍ일/단위) | H6: 환산 계수
C7: 기술사 | D7: 특 급 기술자 | E7: 고 급 기술자 | F7: 중 급 기술자 | G7: 초 급 기술자
A8: 1. 실시계획 승인도서 작성 | B8: 1만㎡ | C8: 0.7 | D8: 0.6 | E8: 1.3 | F8: 1.3 | G8: 3.5 | H8: ①
A9: 2. 보고서 작성 및 편집 | B9: 1만㎡ | C9: 0.4 | D9: 0.9 | E9: 1.8 | F9: 1.6 | G9: 2.8 | H9: ①
A10: 3. 관련도서 작성 | B10: 1만㎡ | C10: 0.6 | D10: 0.8 | E10: 1.4 | F10: 1.6 | G10: 4.2 | H10: ①
A11: 4. 주민공람 | B11: 식 | C11: 2.4 | D11: 2.5 | E11: 2.6 | F11: 4.7 | G11: 5.1 | H11: ②
A12: 5. 관계기관 협의 | B12: 식 | C12: 2.4 | D12: 2.5 | E12: 2.6 | F12: 4.7 | G12: 5.1 | H12: ②
